source_kind,article_bbs,article_id,article_url,article_title,article_date,file_url,archive_name,source_filename,local_path,text_path,html_path,sha256,year,round,subject,question_type,book_type,extension,parse_status,parse_error
answer,150,568844,https://www.moj.go.kr/bbs/moj/150/568844/artclView.do,1회~12회 변호사시험 기출문제 및 선택형 최종정답입니다.,2023.03.21,https://www.moj.go.kr/bbs/moj/150/451621/download.do,변호사시험 선택형 최종정답.zip,2012년도 제1회 변호사시험 선택형 최종정답.hwp,/home/work/.projects/LLM-OS-Models/Terminal/HRM-Text/data/bar_exam/extracted/answer_bbs150_art568844_file451621_변호사시험 선택형 최종정답/2012년도 제1회 변호사시험 선택형 최종정답.hwp,/home/work/.projects/LLM-OS-Models/Terminal/HRM-Text/data/bar_exam/text/24426b5790332412.txt,/home/work/.projects/LLM-OS-Models/Terminal/HRM-Text/data/bar_exam/text/24426b5790332412_html/index.xhtml,0c55505a51385f6052d641b2e9537110b833bddef85f768921f191c3b0b10919,2012,1,,선택형,,.hwp,ok,
answer,150,568844,https://www.moj.go.kr/bbs/moj/150/568844/artclView.do,1회~12회 변호사시험 기출문제 및 선택형 최종정답입니다.,2023.03.21,https://www.moj.go.kr/bbs/moj/150/451621/download.do,변호사시험 선택형 최종정답.zip,2013년도 제2회 변호사시험 선택형 최종정답.hwp,/home/work/.projects/LLM-OS-Models/Terminal/HRM-Text/data/bar_exam/extracted/answer_bbs150_art568844_file451621_변호사시험 선택형 최종정답/2013년도 제2회 변호사시험 선택형 최종정답.hwp,/home/work/.projects/LLM-OS-Models/Terminal/HRM-Text/data/bar_exam/text/31889ba5bf76176a.txt,/home/work/.projects/LLM-OS-Models/Terminal/HRM-Text/data/bar_exam/text/31889ba5bf76176a_html/index.xhtml,84aea82ea52b9781533865764fac3cfebfdbdadb498fc17c103436e85b24162d,2013,2,,선택형,,.hwp,ok,
answer,150,568844,https://www.moj.go.kr/bbs/moj/150/568844/artclView.do,1회~12회 변호사시험 기출문제 및 선택형 최종정답입니다.,2023.03.21,https://www.moj.go.kr/bbs/moj/150/451621/download.do,변호사시험 선택형 최종정답.zip,2014년도 제3회 변호사시험 선택형 최종정답.hwp,/home/work/.projects/LLM-OS-Models/Terminal/HRM-Text/data/bar_exam/extracted/answer_bbs150_art568844_file451621_변호사시험 선택형 최종정답/2014년도 제3회 변호사시험 선택형 최종정답.hwp,/home/work/.projects/LLM-OS-Models/Terminal/HRM-Text/data/bar_exam/text/e60d67edecb974ef.txt,/home/work/.projects/LLM-OS-Models/Terminal/HRM-Text/data/bar_exam/text/e60d67edecb974ef_html/index.xhtml,9904d35b1a69c17c06ae067b03c15bcfd6a682b049aa9d0c4755dd687a4f83f7,2014,3,,선택형,,.hwp,ok,
answer,150,568844,https://www.moj.go.kr/bbs/moj/150/568844/artclView.do,1회~12회 변호사시험 기출문제 및 선택형 최종정답입니다.,2023.03.21,https://www.moj.go.kr/bbs/moj/150/451621/download.do,변호사시험 선택형 최종정답.zip,2015년도 제4회_변호사시험 선택형 최종정답.hwp,/home/work/.projects/LLM-OS-Models/Terminal/HRM-Text/data/bar_exam/extracted/answer_bbs150_art568844_file451621_변호사시험 선택형 최종정답/2015년도 제4회_변호사시험 선택형 최종정답.hwp,/home/work/.projects/LLM-OS-Models/Terminal/HRM-Text/data/bar_exam/text/93369c0b3e80ddbd.txt,/home/work/.projects/LLM-OS-Models/Terminal/HRM-Text/data/bar_exam/text/93369c0b3e80ddbd_html/index.xhtml,cd350cb217d75d75708402798a6b9fa0d336e2e736c42d79857c50db399afe3e,2015,4,,선택형,,.hwp,ok,
answer,150,568844,https://www.moj.go.kr/bbs/moj/150/568844/artclView.do,1회~12회 변호사시험 기출문제 및 선택형 최종정답입니다.,2023.03.21,https://www.moj.go.kr/bbs/moj/150/451621/download.do,변호사시험 선택형 최종정답.zip,2016년도 제5회 변호사시험 선택형 최종정답.hwp,/home/work/.projects/LLM-OS-Models/Terminal/HRM-Text/data/bar_exam/extracted/answer_bbs150_art568844_file451621_변호사시험 선택형 최종정답/2016년도 제5회 변호사시험 선택형 최종정답.hwp,/home/work/.projects/LLM-OS-Models/Terminal/HRM-Text/data/bar_exam/text/ceb3b7ad2dc016af.txt,/home/work/.projects/LLM-OS-Models/Terminal/HRM-Text/data/bar_exam/text/ceb3b7ad2dc016af_html/index.xhtml,ef0d6b6fe75a204e09e828e3cb9bcb033de08a8e7413a55eca42aceb3c87e27c,2016,5,,선택형,,.hwp,ok,
answer,150,568844,https://www.moj.go.kr/bbs/moj/150/568844/artclView.do,1회~12회 변호사시험 기출문제 및 선택형 최종정답입니다.,2023.03.21,https://www.moj.go.kr/bbs/moj/150/451621/download.do,변호사시험 선택형 최종정답.zip,2017년도 제6회 변호사시험 선택형 최종정답.hwp,/home/work/.projects/LLM-OS-Models/Terminal/HRM-Text/data/bar_exam/extracted/answer_bbs150_art568844_file451621_변호사시험 선택형 최종정답/2017년도 제6회 변호사시험 선택형 최종정답.hwp,/home/work/.projects/LLM-OS-Models/Terminal/HRM-Text/data/bar_exam/text/6f3ec7bead54d6d1.txt,/home/work/.projects/LLM-OS-Models/Terminal/HRM-Text/data/bar_exam/text/6f3ec7bead54d6d1_html/index.xhtml,ad9263762e4d7e7e0282c51b79c2a9b945f78eafdfe2c157f0eff34c12fa9d4e,2017,6,,선택형,,.hwp,ok,
answer,150,568844,https://www.moj.go.kr/bbs/moj/150/568844/artclView.do,1회~12회 변호사시험 기출문제 및 선택형 최종정답입니다.,2023.03.21,https://www.moj.go.kr/bbs/moj/150/451621/download.do,변호사시험 선택형 최종정답.zip,2018년도 제7회변호사시험 선택형 최종정답.hwp,/home/work/.projects/LLM-OS-Models/Terminal/HRM-Text/data/bar_exam/extracted/answer_bbs150_art568844_file451621_변호사시험 선택형 최종정답/2018년도 제7회변호사시험 선택형 최종정답.hwp,/home/work/.projects/LLM-OS-Models/Terminal/HRM-Text/data/bar_exam/text/978c9f56b1c40738.txt,/home/work/.projects/LLM-OS-Models/Terminal/HRM-Text/data/bar_exam/text/978c9f56b1c40738_html/index.xhtml,e796550c434e879199a29e80b6e1a31bcc2a8196f2216ba901eb0e4bf7077eb8,2018,7,,선택형,,.hwp,ok,
answer,150,568844,https://www.moj.go.kr/bbs/moj/150/568844/artclView.do,1회~12회 변호사시험 기출문제 및 선택형 최종정답입니다.,2023.03.21,https://www.moj.go.kr/bbs/moj/150/451621/download.do,변호사시험 선택형 최종정답.zip,2019년도 제8회 변호사시험 선택형 최종정답.hwp,/home/work/.projects/LLM-OS-Models/Terminal/HRM-Text/data/bar_exam/extracted/answer_bbs150_art568844_file451621_변호사시험 선택형 최종정답/2019년도 제8회 변호사시험 선택형 최종정답.hwp,/home/work/.projects/LLM-OS-Models/Terminal/HRM-Text/data/bar_exam/text/5bad7df5d4c78e54.txt,/home/work/.projects/LLM-OS-Models/Terminal/HRM-Text/data/bar_exam/text/5bad7df5d4c78e54_html/index.xhtml,e5ba347ce44cf590fdf80a4454a5ee0ab61fed53356566d6f3f3135cfbd249ce,2019,8,,선택형,,.hwp,ok,
answer,150,568844,https://www.moj.go.kr/bbs/moj/150/568844/artclView.do,1회~12회 변호사시험 기출문제 및 선택형 최종정답입니다.,2023.03.21,https://www.moj.go.kr/bbs/moj/150/451621/download.do,변호사시험 선택형 최종정답.zip,2020년도 제9회 변호사시험 선택형 최종정답.hwp,/home/work/.projects/LLM-OS-Models/Terminal/HRM-Text/data/bar_exam/extracted/answer_bbs150_art568844_file451621_변호사시험 선택형 최종정답/2020년도 제9회 변호사시험 선택형 최종정답.hwp,/home/work/.projects/LLM-OS-Models/Terminal/HRM-Text/data/bar_exam/text/377fd312054a72b5.txt,/home/work/.projects/LLM-OS-Models/Terminal/HRM-Text/data/bar_exam/text/377fd312054a72b5_html/index.xhtml,b417a32caba64b6559636eec50c9748ff85b16290df8fc24174f1404feb782fc,2020,9,,선택형,,.hwp,ok,
answer,150,568844,https://www.moj.go.kr/bbs/moj/150/568844/artclView.do,1회~12회 변호사시험 기출문제 및 선택형 최종정답입니다.,2023.03.21,https://www.moj.go.kr/bbs/moj/150/451621/download.do,변호사시험 선택형 최종정답.zip,2021년도 제10회 변호사시험 선택형 최종정답.hwp,/home/work/.projects/LLM-OS-Models/Terminal/HRM-Text/data/bar_exam/extracted/answer_bbs150_art568844_file451621_변호사시험 선택형 최종정답/2021년도 제10회 변호사시험 선택형 최종정답.hwp,/home/work/.projects/LLM-OS-Models/Terminal/HRM-Text/data/bar_exam/text/b2504486728021fd.txt,/home/work/.projects/LLM-OS-Models/Terminal/HRM-Text/data/bar_exam/text/b2504486728021fd_html/index.xhtml,4173c022301680517dd75a319e2d4821b81f507381f2216e344b7c28857b1534,2021,10,,선택형,,.hwp,ok,
answer,150,568844,https://www.moj.go.kr/bbs/moj/150/568844/artclView.do,1회~12회 변호사시험 기출문제 및 선택형 최종정답입니다.,2023.03.21,https://www.moj.go.kr/bbs/moj/150/451621/download.do,변호사시험 선택형 최종정답.zip,2022년도 제11회 변호사시험 선택형 최종정답.hwp,/home/work/.projects/LLM-OS-Models/Terminal/HRM-Text/data/bar_exam/extracted/answer_bbs150_art568844_file451621_변호사시험 선택형 최종정답/2022년도 제11회 변호사시험 선택형 최종정답.hwp,/home/work/.projects/LLM-OS-Models/Terminal/HRM-Text/data/bar_exam/text/41c0313ac5fa1302.txt,/home/work/.projects/LLM-OS-Models/Terminal/HRM-Text/data/bar_exam/text/41c0313ac5fa1302_html/index.xhtml,c36094f189b25a1f42cc76ce96df9360c5d16f21aa128e760a0040902163b5a3,2022,11,,선택형,,.hwp,ok,
answer,150,568844,https://www.moj.go.kr/bbs/moj/150/568844/artclView.do,1회~12회 변호사시험 기출문제 및 선택형 최종정답입니다.,2023.03.21,https://www.moj.go.kr/bbs/moj/150/451621/download.do,변호사시험 선택형 최종정답.zip,2023년도 제12회 변호사시험 선택형 최종정답.hwp,/home/work/.projects/LLM-OS-Models/Terminal/HRM-Text/data/bar_exam/extracted/answer_bbs150_art568844_file451621_변호사시험 선택형 최종정답/2023년도 제12회 변호사시험 선택형 최종정답.hwp,/home/work/.projects/LLM-OS-Models/Terminal/HRM-Text/data/bar_exam/text/90327e8ce838e2bd.txt,/home/work/.projects/LLM-OS-Models/Terminal/HRM-Text/data/bar_exam/text/90327e8ce838e2bd_html/index.xhtml,1f40ad61b2ace75da4d0716db3237c0ef5b832226b40ab7b2621cfc6dbe9337c,2023,12,,선택형,,.hwp,ok,
question,150,568844,https://www.moj.go.kr/bbs/moj/150/568844/artclView.do,1회~12회 변호사시험 기출문제 및 선택형 최종정답입니다.,2023.03.21,https://www.moj.go.kr/bbs/moj/150/451622/download.do,1-12회 선택형.zip,제10회 변호사시험 공법 선택형.hwp,/home/work/.projects/LLM-OS-Models/Terminal/HRM-Text/data/bar_exam/extracted/question_bbs150_art568844_file451622_1-12회 선택형/10회/제10회 변호사시험 공법 선택형.hwp,/home/work/.projects/LLM-OS-Models/Terminal/HRM-Text/data/bar_exam/text/21fe84ad7bf0e4b3.txt,/home/work/.projects/LLM-OS-Models/Terminal/HRM-Text/data/bar_exam/text/21fe84ad7bf0e4b3_html/index.xhtml,969d27ac6531ebb935617223af4f749839255e53873b2958442c49460270cc65,2021,10,공법,선택형,,.hwp,ok,
question,150,568844,https://www.moj.go.kr/bbs/moj/150/568844/artclView.do,1회~12회 변호사시험 기출문제 및 선택형 최종정답입니다.,2023.03.21,https://www.moj.go.kr/bbs/moj/150/451622/download.do,1-12회 선택형.zip,제10회 변호사시험 민사법 선택형.hwp,/home/work/.projects/LLM-OS-Models/Terminal/HRM-Text/data/bar_exam/extracted/question_bbs150_art568844_file451622_1-12회 선택형/10회/제10회 변호사시험 민사법 선택형.hwp,/home/work/.projects/LLM-OS-Models/Terminal/HRM-Text/data/bar_exam/text/7f43c43220f9c1de.txt,/home/work/.projects/LLM-OS-Models/Terminal/HRM-Text/data/bar_exam/text/7f43c43220f9c1de_html/index.xhtml,13c187d05cbcb2db8afb450afe02f5fdf57b112daf833a1129ac1df4cbe6f183,2021,10,민사법,선택형,,.hwp,ok,
question,150,568844,https://www.moj.go.kr/bbs/moj/150/568844/artclView.do,1회~12회 변호사시험 기출문제 및 선택형 최종정답입니다.,2023.03.21,https://www.moj.go.kr/bbs/moj/150/451622/download.do,1-12회 선택형.zip,제10회 변호사시험 형사법 선택형.hwp,/home/work/.projects/LLM-OS-Models/Terminal/HRM-Text/data/bar_exam/extracted/question_bbs150_art568844_file451622_1-12회 선택형/10회/제10회 변호사시험 형사법 선택형.hwp,/home/work/.projects/LLM-OS-Models/Terminal/HRM-Text/data/bar_exam/text/153cf5a027b97332.txt,/home/work/.projects/LLM-OS-Models/Terminal/HRM-Text/data/bar_exam/text/153cf5a027b97332_html/index.xhtml,4f984d5b4cda7e4bdfa5d266aa24f00959184c0d029a01c515ef2a35474fe7b3,2021,10,형사법,선택형,,.hwp,ok,
question,150,568844,https://www.moj.go.kr/bbs/moj/150/568844/artclView.do,1회~12회 변호사시험 기출문제 및 선택형 최종정답입니다.,2023.03.21,https://www.moj.go.kr/bbs/moj/150/451622/download.do,1-12회 선택형.zip,제11회 변호사시험 공법 선택형.hwp,/home/work/.projects/LLM-OS-Models/Terminal/HRM-Text/data/bar_exam/extracted/question_bbs150_art568844_file451622_1-12회 선택형/11회/제11회 변호사시험 공법 선택형.hwp,/home/work/.projects/LLM-OS-Models/Terminal/HRM-Text/data/bar_exam/text/876837fc0dcc6d3c.txt,/home/work/.projects/LLM-OS-Models/Terminal/HRM-Text/data/bar_exam/text/876837fc0dcc6d3c_html/index.xhtml,a7e1edcb441a427cdd54bc067d004b1c7567f775820357263288e77d0212e1a4,2022,11,공법,선택형,,.hwp,ok,
question,150,568844,https://www.moj.go.kr/bbs/moj/150/568844/artclView.do,1회~12회 변호사시험 기출문제 및 선택형 최종정답입니다.,2023.03.21,https://www.moj.go.kr/bbs/moj/150/451622/download.do,1-12회 선택형.zip,제11회 변호사시험 민사법 선택형.hwp,/home/work/.projects/LLM-OS-Models/Terminal/HRM-Text/data/bar_exam/extracted/question_bbs150_art568844_file451622_1-12회 선택형/11회/제11회 변호사시험 민사법 선택형.hwp,/home/work/.projects/LLM-OS-Models/Terminal/HRM-Text/data/bar_exam/text/ab03bd20a437e0e1.txt,/home/work/.projects/LLM-OS-Models/Terminal/HRM-Text/data/bar_exam/text/ab03bd20a437e0e1_html/index.xhtml,5400dc5cfdbe23899a44d1f6bafaedb365025e2ffd22d2d82d71736a4ff78a1a,2022,11,민사법,선택형,,.hwp,ok,
question,150,568844,https://www.moj.go.kr/bbs/moj/150/568844/artclView.do,1회~12회 변호사시험 기출문제 및 선택형 최종정답입니다.,2023.03.21,https://www.moj.go.kr/bbs/moj/150/451622/download.do,1-12회 선택형.zip,제11회 변호사시험 형사법 선택형.hwp,/home/work/.projects/LLM-OS-Models/Terminal/HRM-Text/data/bar_exam/extracted/question_bbs150_art568844_file451622_1-12회 선택형/11회/제11회 변호사시험 형사법 선택형.hwp,/home/work/.projects/LLM-OS-Models/Terminal/HRM-Text/data/bar_exam/text/3f932cfcfdc02a85.txt,/home/work/.projects/LLM-OS-Models/Terminal/HRM-Text/data/bar_exam/text/3f932cfcfdc02a85_html/index.xhtml,e9485da84a20bf1550afa1797e2acfc849768fa43d6cafb1de326fe401cc98bc,2022,11,형사법,선택형,,.hwp,ok,
question,150,568844,https://www.moj.go.kr/bbs/moj/150/568844/artclView.do,1회~12회 변호사시험 기출문제 및 선택형 최종정답입니다.,2023.03.21,https://www.moj.go.kr/bbs/moj/150/451622/download.do,1-12회 선택형.zip,제12회 변호사시험 공법 선택형.hwp,/home/work/.projects/LLM-OS-Models/Terminal/HRM-Text/data/bar_exam/extracted/question_bbs150_art568844_file451622_1-12회 선택형/12회/제12회 변호사시험 공법 선택형.hwp,/home/work/.projects/LLM-OS-Models/Terminal/HRM-Text/data/bar_exam/text/792407e4a6903494.txt,/home/work/.projects/LLM-OS-Models/Terminal/HRM-Text/data/bar_exam/text/792407e4a6903494_html/index.xhtml,e7e8caa82b417efc416f57497f8cd4947674802ab6ee16373dd4c85299698dfd,2023,12,공법,선택형,,.hwp,ok,
question,150,568844,https://www.moj.go.kr/bbs/moj/150/568844/artclView.do,1회~12회 변호사시험 기출문제 및 선택형 최종정답입니다.,2023.03.21,https://www.moj.go.kr/bbs/moj/150/451622/download.do,1-12회 선택형.zip,제12회 변호사시험 민사법 선택형.hwp,/home/work/.projects/LLM-OS-Models/Terminal/HRM-Text/data/bar_exam/extracted/question_bbs150_art568844_file451622_1-12회 선택형/12회/제12회 변호사시험 민사법 선택형.hwp,/home/work/.projects/LLM-OS-Models/Terminal/HRM-Text/data/bar_exam/text/3ba128bdb65767fb.txt,/home/work/.projects/LLM-OS-Models/Terminal/HRM-Text/data/bar_exam/text/3ba128bdb65767fb_html/index.xhtml,2672feea345e88191be059b2498f143fb5de6f7c9720d8202cd4310a4e4b7d5b,2023,12,민사법,선택형,,.hwp,ok,
question,150,568844,https://www.moj.go.kr/bbs/moj/150/568844/artclView.do,1회~12회 변호사시험 기출문제 및 선택형 최종정답입니다.,2023.03.21,https://www.moj.go.kr/bbs/moj/150/451622/download.do,1-12회 선택형.zip,제12회 변호사시험 형사법 선택형.hwp,/home/work/.projects/LLM-OS-Models/Terminal/HRM-Text/data/bar_exam/extracted/question_bbs150_art568844_file451622_1-12회 선택형/12회/제12회 변호사시험 형사법 선택형.hwp,/home/work/.projects/LLM-OS-Models/Terminal/HRM-Text/data/bar_exam/text/c875f7ddf8c4a541.txt,/home/work/.projects/LLM-OS-Models/Terminal/HRM-Text/data/bar_exam/text/c875f7ddf8c4a541_html/index.xhtml,d72013616cdd697112ba5146f151bd0aa78b999e821720870b98c4dbc1d6d79c,2023,12,형사법,선택형,,.hwp,ok,
question,150,568844,https://www.moj.go.kr/bbs/moj/150/568844/artclView.do,1회~12회 변호사시험 기출문제 및 선택형 최종정답입니다.,2023.03.21,https://www.moj.go.kr/bbs/moj/150/451622/download.do,1-12회 선택형.zip,제1회 변호사시험 공법 선택형 1책형.hwp,/home/work/.projects/LLM-OS-Models/Terminal/HRM-Text/data/bar_exam/extracted/question_bbs150_art568844_file451622_1-12회 선택형/1회/제1회 변호사시험 공법 선택형 1책형.hwp,/home/work/.projects/LLM-OS-Models/Terminal/HRM-Text/data/bar_exam/text/46032f069c7c8999.txt,/home/work/.projects/LLM-OS-Models/Terminal/HRM-Text/data/bar_exam/text/46032f069c7c8999_html/index.xhtml,7a1497383a12a98ce496a8bbd4cd70bd8b3d7821248b2332cb08d71ea7593dc3,2012,1,공법,선택형,1책형,.hwp,ok,
question,150,568844,https://www.moj.go.kr/bbs/moj/150/568844/artclView.do,1회~12회 변호사시험 기출문제 및 선택형 최종정답입니다.,2023.03.21,https://www.moj.go.kr/bbs/moj/150/451622/download.do,1-12회 선택형.zip,제1회 변호사시험 민사법 선택형 1책형.hwp,/home/work/.projects/LLM-OS-Models/Terminal/HRM-Text/data/bar_exam/extracted/question_bbs150_art568844_file451622_1-12회 선택형/1회/제1회 변호사시험 민사법 선택형 1책형.hwp,/home/work/.projects/LLM-OS-Models/Terminal/HRM-Text/data/bar_exam/text/4e4d5210987bc53b.txt,/home/work/.projects/LLM-OS-Models/Terminal/HRM-Text/data/bar_exam/text/4e4d5210987bc53b_html/index.xhtml,6bf99da8997d7949152bddda93c192857f86267cacdb4ea41f03ff2cac02c5e1,2012,1,민사법,선택형,1책형,.hwp,ok,
question,150,568844,https://www.moj.go.kr/bbs/moj/150/568844/artclView.do,1회~12회 변호사시험 기출문제 및 선택형 최종정답입니다.,2023.03.21,https://www.moj.go.kr/bbs/moj/150/451622/download.do,1-12회 선택형.zip,제1회 변호사시험 형사법 선택형 1책형.hwp,/home/work/.projects/LLM-OS-Models/Terminal/HRM-Text/data/bar_exam/extracted/question_bbs150_art568844_file451622_1-12회 선택형/1회/제1회 변호사시험 형사법 선택형 1책형.hwp,/home/work/.projects/LLM-OS-Models/Terminal/HRM-Text/data/bar_exam/text/0394cb489ab623c1.txt,/home/work/.projects/LLM-OS-Models/Terminal/HRM-Text/data/bar_exam/text/0394cb489ab623c1_html/index.xhtml,747cb5fdabb8949ccff8f99490c323471cf66154818d7f018da082490f801e19,2012,1,형사법,선택형,1책형,.hwp,ok,
question,150,568844,https://www.moj.go.kr/bbs/moj/150/568844/artclView.do,1회~12회 변호사시험 기출문제 및 선택형 최종정답입니다.,2023.03.21,https://www.moj.go.kr/bbs/moj/150/451622/download.do,1-12회 선택형.zip,제2회 변호사시험 공법 선택형 1책형.hwp,/home/work/.projects/LLM-OS-Models/Terminal/HRM-Text/data/bar_exam/extracted/question_bbs150_art568844_file451622_1-12회 선택형/2회/제2회 변호사시험 공법 선택형 1책형.hwp,/home/work/.projects/LLM-OS-Models/Terminal/HRM-Text/data/bar_exam/text/3f703e3156c06a13.txt,/home/work/.projects/LLM-OS-Models/Terminal/HRM-Text/data/bar_exam/text/3f703e3156c06a13_html/index.xhtml,878faee89a3293e1eb3d518415ed14016937aca8c980b2addabf80a365ea78d8,2013,2,공법,선택형,1책형,.hwp,ok,
question,150,568844,https://www.moj.go.kr/bbs/moj/150/568844/artclView.do,1회~12회 변호사시험 기출문제 및 선택형 최종정답입니다.,2023.03.21,https://www.moj.go.kr/bbs/moj/150/451622/download.do,1-12회 선택형.zip,제2회 변호사시험 민사법 선택형 1책형.hwp,/home/work/.projects/LLM-OS-Models/Terminal/HRM-Text/data/bar_exam/extracted/question_bbs150_art568844_file451622_1-12회 선택형/2회/제2회 변호사시험 민사법 선택형 1책형.hwp,/home/work/.projects/LLM-OS-Models/Terminal/HRM-Text/data/bar_exam/text/49b9f68ec82054d5.txt,/home/work/.projects/LLM-OS-Models/Terminal/HRM-Text/data/bar_exam/text/49b9f68ec82054d5_html/index.xhtml,0ea795ce0d0a8b724fcdedfb317f9d2cf88c244d305a5ffb5d7e6cc4d7a071dd,2013,2,민사법,선택형,1책형,.hwp,ok,
question,150,568844,https://www.moj.go.kr/bbs/moj/150/568844/artclView.do,1회~12회 변호사시험 기출문제 및 선택형 최종정답입니다.,2023.03.21,https://www.moj.go.kr/bbs/moj/150/451622/download.do,1-12회 선택형.zip,제2회 변호사시험 형사법 선택형 1책형.hwp,/home/work/.projects/LLM-OS-Models/Terminal/HRM-Text/data/bar_exam/extracted/question_bbs150_art568844_file451622_1-12회 선택형/2회/제2회 변호사시험 형사법 선택형 1책형.hwp,/home/work/.projects/LLM-OS-Models/Terminal/HRM-Text/data/bar_exam/text/034947601b5ed2b6.txt,/home/work/.projects/LLM-OS-Models/Terminal/HRM-Text/data/bar_exam/text/034947601b5ed2b6_html/index.xhtml,d22c87f5d9204c88bbb2a4ab7926f621a8d99e4a27dbab4cf89cfcdfb79b93e9,2013,2,형사법,선택형,1책형,.hwp,ok,
question,150,568844,https://www.moj.go.kr/bbs/moj/150/568844/artclView.do,1회~12회 변호사시험 기출문제 및 선택형 최종정답입니다.,2023.03.21,https://www.moj.go.kr/bbs/moj/150/451622/download.do,1-12회 선택형.zip,제3회 변호사시험 공법 선택형 1책형.hwp,/home/work/.projects/LLM-OS-Models/Terminal/HRM-Text/data/bar_exam/extracted/question_bbs150_art568844_file451622_1-12회 선택형/3회/제3회 변호사시험 공법 선택형 1책형.hwp,/home/work/.projects/LLM-OS-Models/Terminal/HRM-Text/data/bar_exam/text/ca2aa82ee6a4626d.txt,/home/work/.projects/LLM-OS-Models/Terminal/HRM-Text/data/bar_exam/text/ca2aa82ee6a4626d_html/index.xhtml,a49acf5271b005aa5569ac3ec4c9056da37102a66ff63750ebc77eeaf5a126b5,2014,3,공법,선택형,1책형,.hwp,ok,
question,150,568844,https://www.moj.go.kr/bbs/moj/150/568844/artclView.do,1회~12회 변호사시험 기출문제 및 선택형 최종정답입니다.,2023.03.21,https://www.moj.go.kr/bbs/moj/150/451622/download.do,1-12회 선택형.zip,제3회 변호사시험 민사법 선택형 1책형.hwp,/home/work/.projects/LLM-OS-Models/Terminal/HRM-Text/data/bar_exam/extracted/question_bbs150_art568844_file451622_1-12회 선택형/3회/제3회 변호사시험 민사법 선택형 1책형.hwp,/home/work/.projects/LLM-OS-Models/Terminal/HRM-Text/data/bar_exam/text/17a5e04ae138f04f.txt,/home/work/.projects/LLM-OS-Models/Terminal/HRM-Text/data/bar_exam/text/17a5e04ae138f04f_html/index.xhtml,971bf4d19e97504d5ca70e62c385695af6af874ee03941c9e2d48b039e67b7c8,2014,3,민사법,선택형,1책형,.hwp,ok,
question,150,568844,https://www.moj.go.kr/bbs/moj/150/568844/artclView.do,1회~12회 변호사시험 기출문제 및 선택형 최종정답입니다.,2023.03.21,https://www.moj.go.kr/bbs/moj/150/451622/download.do,1-12회 선택형.zip,제3회 변호사시험 형사법 선택형 1책형.hwp,/home/work/.projects/LLM-OS-Models/Terminal/HRM-Text/data/bar_exam/extracted/question_bbs150_art568844_file451622_1-12회 선택형/3회/제3회 변호사시험 형사법 선택형 1책형.hwp,/home/work/.projects/LLM-OS-Models/Terminal/HRM-Text/data/bar_exam/text/2ab2e6d63f0c0991.txt,/home/work/.projects/LLM-OS-Models/Terminal/HRM-Text/data/bar_exam/text/2ab2e6d63f0c0991_html/index.xhtml,f3834472c70583bdd87aa5ec3757b4d335a77a0f259ab776803675424c411f36,2014,3,형사법,선택형,1책형,.hwp,ok,
question,150,568844,https://www.moj.go.kr/bbs/moj/150/568844/artclView.do,1회~12회 변호사시험 기출문제 및 선택형 최종정답입니다.,2023.03.21,https://www.moj.go.kr/bbs/moj/150/451622/download.do,1-12회 선택형.zip,제4회 변호사시험 공법 선택형 1책형.hwp,/home/work/.projects/LLM-OS-Models/Terminal/HRM-Text/data/bar_exam/extracted/question_bbs150_art568844_file451622_1-12회 선택형/4회/제4회 변호사시험 공법 선택형 1책형.hwp,/home/work/.projects/LLM-OS-Models/Terminal/HRM-Text/data/bar_exam/text/f9985f256ca0f396.txt,/home/work/.projects/LLM-OS-Models/Terminal/HRM-Text/data/bar_exam/text/f9985f256ca0f396_html/index.xhtml,b2e94cf882d6857d7798c7b273cad78e179d86b04ec810fc46924114e1fec56a,2015,4,공법,선택형,1책형,.hwp,ok,
question,150,568844,https://www.moj.go.kr/bbs/moj/150/568844/artclView.do,1회~12회 변호사시험 기출문제 및 선택형 최종정답입니다.,2023.03.21,https://www.moj.go.kr/bbs/moj/150/451622/download.do,1-12회 선택형.zip,제4회 변호사시험 민사법 선택형 1책형.hwp,/home/work/.projects/LLM-OS-Models/Terminal/HRM-Text/data/bar_exam/extracted/question_bbs150_art568844_file451622_1-12회 선택형/4회/제4회 변호사시험 민사법 선택형 1책형.hwp,/home/work/.projects/LLM-OS-Models/Terminal/HRM-Text/data/bar_exam/text/71308ba42ee1c1fe.txt,/home/work/.projects/LLM-OS-Models/Terminal/HRM-Text/data/bar_exam/text/71308ba42ee1c1fe_html/index.xhtml,3779ed142788bb226cdf26ce45fa1bfc6801877d1a10099c74ac7355bb38e40a,2015,4,민사법,선택형,1책형,.hwp,ok,
question,150,568844,https://www.moj.go.kr/bbs/moj/150/568844/artclView.do,1회~12회 변호사시험 기출문제 및 선택형 최종정답입니다.,2023.03.21,https://www.moj.go.kr/bbs/moj/150/451622/download.do,1-12회 선택형.zip,제4회 변호사시험 형사법 선택형 1책형.hwp,/home/work/.projects/LLM-OS-Models/Terminal/HRM-Text/data/bar_exam/extracted/question_bbs150_art568844_file451622_1-12회 선택형/4회/제4회 변호사시험 형사법 선택형 1책형.hwp,/home/work/.projects/LLM-OS-Models/Terminal/HRM-Text/data/bar_exam/text/db9bf1dad2d9c285.txt,/home/work/.projects/LLM-OS-Models/Terminal/HRM-Text/data/bar_exam/text/db9bf1dad2d9c285_html/index.xhtml,89ff7c6fa685f24380eaed69863bcd5ebba9d0d8621ac9d76c55a44498e14073,2015,4,형사법,선택형,1책형,.hwp,ok,
question,150,568844,https://www.moj.go.kr/bbs/moj/150/568844/artclView.do,1회~12회 변호사시험 기출문제 및 선택형 최종정답입니다.,2023.03.21,https://www.moj.go.kr/bbs/moj/150/451622/download.do,1-12회 선택형.zip,제5회 변호사시험 공법 선택형 1책형.hwp,/home/work/.projects/LLM-OS-Models/Terminal/HRM-Text/data/bar_exam/extracted/question_bbs150_art568844_file451622_1-12회 선택형/5회/제5회 변호사시험 공법 선택형 1책형.hwp,/home/work/.projects/LLM-OS-Models/Terminal/HRM-Text/data/bar_exam/text/528763f4e088b56b.txt,/home/work/.projects/LLM-OS-Models/Terminal/HRM-Text/data/bar_exam/text/528763f4e088b56b_html/index.xhtml,1c63d6c52b433c19102f7080adc61217faa1bdd296f38a2964b0ed7b06a49910,2016,5,공법,선택형,1책형,.hwp,ok,
question,150,568844,https://www.moj.go.kr/bbs/moj/150/568844/artclView.do,1회~12회 변호사시험 기출문제 및 선택형 최종정답입니다.,2023.03.21,https://www.moj.go.kr/bbs/moj/150/451622/download.do,1-12회 선택형.zip,제5회 변호사시험 민사법 선택형 1책형.hwp,/home/work/.projects/LLM-OS-Models/Terminal/HRM-Text/data/bar_exam/extracted/question_bbs150_art568844_file451622_1-12회 선택형/5회/제5회 변호사시험 민사법 선택형 1책형.hwp,/home/work/.projects/LLM-OS-Models/Terminal/HRM-Text/data/bar_exam/text/8bbe45f0c96764a4.txt,/home/work/.projects/LLM-OS-Models/Terminal/HRM-Text/data/bar_exam/text/8bbe45f0c96764a4_html/index.xhtml,11f8113c22d550133e6285e53e21eb5f70cdb655e8aa0be6f97c5bac862a859d,2016,5,민사법,선택형,1책형,.hwp,ok,
question,150,568844,https://www.moj.go.kr/bbs/moj/150/568844/artclView.do,1회~12회 변호사시험 기출문제 및 선택형 최종정답입니다.,2023.03.21,https://www.moj.go.kr/bbs/moj/150/451622/download.do,1-12회 선택형.zip,제5회 변호사시험 형사법 선택형 1책형.hwp,/home/work/.projects/LLM-OS-Models/Terminal/HRM-Text/data/bar_exam/extracted/question_bbs150_art568844_file451622_1-12회 선택형/5회/제5회 변호사시험 형사법 선택형 1책형.hwp,/home/work/.projects/LLM-OS-Models/Terminal/HRM-Text/data/bar_exam/text/df8da9a28feb52e0.txt,/home/work/.projects/LLM-OS-Models/Terminal/HRM-Text/data/bar_exam/text/df8da9a28feb52e0_html/index.xhtml,8e590e5ff17902900d57df6ba62e388e7bda105f3dd74fe1b60d2b8f14812611,2016,5,형사법,선택형,1책형,.hwp,ok,
question,150,568844,https://www.moj.go.kr/bbs/moj/150/568844/artclView.do,1회~12회 변호사시험 기출문제 및 선택형 최종정답입니다.,2023.03.21,https://www.moj.go.kr/bbs/moj/150/451622/download.do,1-12회 선택형.zip,제6회 변호사시험 공법 선택형 1책형.hwp,/home/work/.projects/LLM-OS-Models/Terminal/HRM-Text/data/bar_exam/extracted/question_bbs150_art568844_file451622_1-12회 선택형/6회/제6회 변호사시험 공법 선택형 1책형.hwp,/home/work/.projects/LLM-OS-Models/Terminal/HRM-Text/data/bar_exam/text/68abf85c82868fc1.txt,/home/work/.projects/LLM-OS-Models/Terminal/HRM-Text/data/bar_exam/text/68abf85c82868fc1_html/index.xhtml,568c41b50e4c9258966f0582100dbe493b92dc4e75f0958a939b1e1a93777b26,2017,6,공법,선택형,1책형,.hwp,ok,
question,150,568844,https://www.moj.go.kr/bbs/moj/150/568844/artclView.do,1회~12회 변호사시험 기출문제 및 선택형 최종정답입니다.,2023.03.21,https://www.moj.go.kr/bbs/moj/150/451622/download.do,1-12회 선택형.zip,제6회 변호사시험 민사법 선택형 1책형.hwp,/home/work/.projects/LLM-OS-Models/Terminal/HRM-Text/data/bar_exam/extracted/question_bbs150_art568844_file451622_1-12회 선택형/6회/제6회 변호사시험 민사법 선택형 1책형.hwp,/home/work/.projects/LLM-OS-Models/Terminal/HRM-Text/data/bar_exam/text/b8977f41ca986b96.txt,/home/work/.projects/LLM-OS-Models/Terminal/HRM-Text/data/bar_exam/text/b8977f41ca986b96_html/index.xhtml,e2d9cadbbae4135002bd23ada15db90a2a4876a9235b28d1b3e6504d0166532e,2017,6,민사법,선택형,1책형,.hwp,ok,
question,150,568844,https://www.moj.go.kr/bbs/moj/150/568844/artclView.do,1회~12회 변호사시험 기출문제 및 선택형 최종정답입니다.,2023.03.21,https://www.moj.go.kr/bbs/moj/150/451622/download.do,1-12회 선택형.zip,제6회 변호사시험 형사법 선택형 1책형.hwp,/home/work/.projects/LLM-OS-Models/Terminal/HRM-Text/data/bar_exam/extracted/question_bbs150_art568844_file451622_1-12회 선택형/6회/제6회 변호사시험 형사법 선택형 1책형.hwp,/home/work/.projects/LLM-OS-Models/Terminal/HRM-Text/data/bar_exam/text/2443e3b4eefb9ecd.txt,/home/work/.projects/LLM-OS-Models/Terminal/HRM-Text/data/bar_exam/text/2443e3b4eefb9ecd_html/index.xhtml,1eeec7f602a2c66ccc0404a695fe9b775bbaac1bc2540cae2692470ca082a222,2017,6,형사법,선택형,1책형,.hwp,ok,
question,150,568844,https://www.moj.go.kr/bbs/moj/150/568844/artclView.do,1회~12회 변호사시험 기출문제 및 선택형 최종정답입니다.,2023.03.21,https://www.moj.go.kr/bbs/moj/150/451622/download.do,1-12회 선택형.zip,제7회 변호사시험 공법 선택형 1책형.hwp,/home/work/.projects/LLM-OS-Models/Terminal/HRM-Text/data/bar_exam/extracted/question_bbs150_art568844_file451622_1-12회 선택형/7회/제7회 변호사시험 공법 선택형 1책형.hwp,/home/work/.projects/LLM-OS-Models/Terminal/HRM-Text/data/bar_exam/text/856d84217e12caba.txt,/home/work/.projects/LLM-OS-Models/Terminal/HRM-Text/data/bar_exam/text/856d84217e12caba_html/index.xhtml,570ee6c621e76c371a57baff11a857f561fbea2dc4cdce8f538ff0590a82659e,2018,7,공법,선택형,1책형,.hwp,ok,
question,150,568844,https://www.moj.go.kr/bbs/moj/150/568844/artclView.do,1회~12회 변호사시험 기출문제 및 선택형 최종정답입니다.,2023.03.21,https://www.moj.go.kr/bbs/moj/150/451622/download.do,1-12회 선택형.zip,제7회 변호사시험 민사법 선택형 1책형.hwp,/home/work/.projects/LLM-OS-Models/Terminal/HRM-Text/data/bar_exam/extracted/question_bbs150_art568844_file451622_1-12회 선택형/7회/제7회 변호사시험 민사법 선택형 1책형.hwp,/home/work/.projects/LLM-OS-Models/Terminal/HRM-Text/data/bar_exam/text/b578c05fac89e6f8.txt,/home/work/.projects/LLM-OS-Models/Terminal/HRM-Text/data/bar_exam/text/b578c05fac89e6f8_html/index.xhtml,33519c439be8add11291e525f87b11885700fa3208cd4b75782299d74ba84b25,2018,7,민사법,선택형,1책형,.hwp,ok,
question,150,568844,https://www.moj.go.kr/bbs/moj/150/568844/artclView.do,1회~12회 변호사시험 기출문제 및 선택형 최종정답입니다.,2023.03.21,https://www.moj.go.kr/bbs/moj/150/451622/download.do,1-12회 선택형.zip,제7회 변호사시험 형사법 선택형 1책형.hwp,/home/work/.projects/LLM-OS-Models/Terminal/HRM-Text/data/bar_exam/extracted/question_bbs150_art568844_file451622_1-12회 선택형/7회/제7회 변호사시험 형사법 선택형 1책형.hwp,/home/work/.projects/LLM-OS-Models/Terminal/HRM-Text/data/bar_exam/text/05083ee993775baa.txt,/home/work/.projects/LLM-OS-Models/Terminal/HRM-Text/data/bar_exam/text/05083ee993775baa_html/index.xhtml,a2f513669f4dfa4a941ebdfac2789f6d89bd0cb7987704d8492e5df669a7b613,2018,7,형사법,선택형,1책형,.hwp,ok,
question,150,568844,https://www.moj.go.kr/bbs/moj/150/568844/artclView.do,1회~12회 변호사시험 기출문제 및 선택형 최종정답입니다.,2023.03.21,https://www.moj.go.kr/bbs/moj/150/451622/download.do,1-12회 선택형.zip,제8회 변호사시험 공법 선택형 1책형.hwp,/home/work/.projects/LLM-OS-Models/Terminal/HRM-Text/data/bar_exam/extracted/question_bbs150_art568844_file451622_1-12회 선택형/8회/제8회 변호사시험 공법 선택형 1책형.hwp,/home/work/.projects/LLM-OS-Models/Terminal/HRM-Text/data/bar_exam/text/3babfe6dd2e8ea77.txt,/home/work/.projects/LLM-OS-Models/Terminal/HRM-Text/data/bar_exam/text/3babfe6dd2e8ea77_html/index.xhtml,104c8237425b53e80645bf670c8801b5e1d0e0deb208b7c125f89eae031d4e23,2019,8,공법,선택형,1책형,.hwp,ok,
question,150,568844,https://www.moj.go.kr/bbs/moj/150/568844/artclView.do,1회~12회 변호사시험 기출문제 및 선택형 최종정답입니다.,2023.03.21,https://www.moj.go.kr/bbs/moj/150/451622/download.do,1-12회 선택형.zip,제8회 변호사시험 민사법 선택형 1책형.hwp,/home/work/.projects/LLM-OS-Models/Terminal/HRM-Text/data/bar_exam/extracted/question_bbs150_art568844_file451622_1-12회 선택형/8회/제8회 변호사시험 민사법 선택형 1책형.hwp,/home/work/.projects/LLM-OS-Models/Terminal/HRM-Text/data/bar_exam/text/0ac45400d910c54d.txt,/home/work/.projects/LLM-OS-Models/Terminal/HRM-Text/data/bar_exam/text/0ac45400d910c54d_html/index.xhtml,b205f9fab789883f40efdc371e4d0ea8e7fb81441010e65d738034979b409d81,2019,8,민사법,선택형,1책형,.hwp,ok,
question,150,568844,https://www.moj.go.kr/bbs/moj/150/568844/artclView.do,1회~12회 변호사시험 기출문제 및 선택형 최종정답입니다.,2023.03.21,https://www.moj.go.kr/bbs/moj/150/451622/download.do,1-12회 선택형.zip,제8회 변호사시험 형사법 선택형 1책형.hwp,/home/work/.projects/LLM-OS-Models/Terminal/HRM-Text/data/bar_exam/extracted/question_bbs150_art568844_file451622_1-12회 선택형/8회/제8회 변호사시험 형사법 선택형 1책형.hwp,/home/work/.projects/LLM-OS-Models/Terminal/HRM-Text/data/bar_exam/text/55ee5e3ad4c13c34.txt,/home/work/.projects/LLM-OS-Models/Terminal/HRM-Text/data/bar_exam/text/55ee5e3ad4c13c34_html/index.xhtml,d5242e6bae7a70f58121307b6a4e1cbab1e5e8ff19c4775114ae65cc48c105cb,2019,8,형사법,선택형,1책형,.hwp,ok,
question,150,568844,https://www.moj.go.kr/bbs/moj/150/568844/artclView.do,1회~12회 변호사시험 기출문제 및 선택형 최종정답입니다.,2023.03.21,https://www.moj.go.kr/bbs/moj/150/451622/download.do,1-12회 선택형.zip,제9회 변호사시험 공법 선택형 1책형.hwp,/home/work/.projects/LLM-OS-Models/Terminal/HRM-Text/data/bar_exam/extracted/question_bbs150_art568844_file451622_1-12회 선택형/9회/제9회 변호사시험 공법 선택형 1책형.hwp,/home/work/.projects/LLM-OS-Models/Terminal/HRM-Text/data/bar_exam/text/c16b007a0e564ace.txt,/home/work/.projects/LLM-OS-Models/Terminal/HRM-Text/data/bar_exam/text/c16b007a0e564ace_html/index.xhtml,2a4e05273c0613f48c441d5ec3bb46233cba9aab17cbc02e767abc4d30cf5481,2020,9,공법,선택형,1책형,.hwp,ok,
question,150,568844,https://www.moj.go.kr/bbs/moj/150/568844/artclView.do,1회~12회 변호사시험 기출문제 및 선택형 최종정답입니다.,2023.03.21,https://www.moj.go.kr/bbs/moj/150/451622/download.do,1-12회 선택형.zip,제9회 변호사시험 민사법 선택형 1책형.hwp,/home/work/.projects/LLM-OS-Models/Terminal/HRM-Text/data/bar_exam/extracted/question_bbs150_art568844_file451622_1-12회 선택형/9회/제9회 변호사시험 민사법 선택형 1책형.hwp,/home/work/.projects/LLM-OS-Models/Terminal/HRM-Text/data/bar_exam/text/92e9285440253ae3.txt,/home/work/.projects/LLM-OS-Models/Terminal/HRM-Text/data/bar_exam/text/92e9285440253ae3_html/index.xhtml,35a185cd69563ed2cfba02139f58c2b08cff12e7b2fde1b2c319489e47905ae9,2020,9,민사법,선택형,1책형,.hwp,ok,
question,150,568844,https://www.moj.go.kr/bbs/moj/150/568844/artclView.do,1회~12회 변호사시험 기출문제 및 선택형 최종정답입니다.,2023.03.21,https://www.moj.go.kr/bbs/moj/150/451622/download.do,1-12회 선택형.zip,제9회 변호사시험 형사법 선택형 1책형.hwp,/home/work/.projects/LLM-OS-Models/Terminal/HRM-Text/data/bar_exam/extracted/question_bbs150_art568844_file451622_1-12회 선택형/9회/제9회 변호사시험 형사법 선택형 1책형.hwp,/home/work/.projects/LLM-OS-Models/Terminal/HRM-Text/data/bar_exam/text/bafbc4c1db0e3a91.txt,/home/work/.projects/LLM-OS-Models/Terminal/HRM-Text/data/bar_exam/text/bafbc4c1db0e3a91_html/index.xhtml,81e11a357d6fc0f8f6eaf3c1bb6658d03afe1922149031c4fc35f82b31fc02f6,2020,9,형사법,선택형,1책형,.hwp,ok,
question,150,579016,https://www.moj.go.kr/bbs/moj/150/579016/artclView.do,2024년도 제13회 변호사시험 기출문제입니다.,2024.01.13,https://www.moj.go.kr/bbs/moj/150/462929/download.do,제13회 변호사시험 기출문제.zip,제13회 변호사시험 공법 선택형.hwp,/home/work/.projects/LLM-OS-Models/Terminal/HRM-Text/data/bar_exam/extracted/question_bbs150_art579016_file462929_제13회 변호사시험 기출문제/제13회 변호사시험 공법 선택형.hwp,/home/work/.projects/LLM-OS-Models/Terminal/HRM-Text/data/bar_exam/text/7c861f1bd21153cc.txt,/home/work/.projects/LLM-OS-Models/Terminal/HRM-Text/data/bar_exam/text/7c861f1bd21153cc_html/index.xhtml,fc8f55171f428bd92d08612172ee3c33e6f0961f2195081d75d71e91f1a8856f,2024,13,공법,선택형,,.hwp,ok,
question,150,579016,https://www.moj.go.kr/bbs/moj/150/579016/artclView.do,2024년도 제13회 변호사시험 기출문제입니다.,2024.01.13,https://www.moj.go.kr/bbs/moj/150/462929/download.do,제13회 변호사시험 기출문제.zip,제13회 변호사시험 민사법 선택형.hwpx,/home/work/.projects/LLM-OS-Models/Terminal/HRM-Text/data/bar_exam/extracted/question_bbs150_art579016_file462929_제13회 변호사시험 기출문제/제13회 변호사시험 민사법 선택형.hwpx,/home/work/.projects/LLM-OS-Models/Terminal/HRM-Text/data/bar_exam/text/13ef04e4739fcef9.txt,,b593bb1f25a923875789733004ac9bde1972c24503411ec9a214ba09389c9d71,2024,13,민사법,선택형,,.hwpx,ok,
question,150,579016,https://www.moj.go.kr/bbs/moj/150/579016/artclView.do,2024년도 제13회 변호사시험 기출문제입니다.,2024.01.13,https://www.moj.go.kr/bbs/moj/150/462929/download.do,제13회 변호사시험 기출문제.zip,제13회 변호사시험 형사법 선택형.hwp,/home/work/.projects/LLM-OS-Models/Terminal/HRM-Text/data/bar_exam/extracted/question_bbs150_art579016_file462929_제13회 변호사시험 기출문제/제13회 변호사시험 형사법 선택형.hwp,/home/work/.projects/LLM-OS-Models/Terminal/HRM-Text/data/bar_exam/text/a31973876013b096.txt,/home/work/.projects/LLM-OS-Models/Terminal/HRM-Text/data/bar_exam/text/a31973876013b096_html/index.xhtml,115ed8b758d2c1ff42acbb6c1867fd7080a740c5e73181c8cdab53c779965e8c,2024,13,형사법,선택형,,.hwp,ok,
question,150,591294,https://www.moj.go.kr/bbs/moj/150/591294/artclView.do,2025년도 제14회 변호사시험 기출문제입니다.,2025.01.18,https://www.moj.go.kr/bbs/moj/150/476679/download.do,,question_bbs150_art591294_file476679_@공법(선택형) -최종본.hwp,/home/work/.projects/LLM-OS-Models/Terminal/HRM-Text/data/bar_exam/raw/downloads/question_bbs150_art591294_file476679_@공법(선택형) -최종본.hwp,/home/work/.projects/LLM-OS-Models/Terminal/HRM-Text/data/bar_exam/text/fac1ad56d3bcc98e.txt,/home/work/.projects/LLM-OS-Models/Terminal/HRM-Text/data/bar_exam/text/fac1ad56d3bcc98e_html/index.xhtml,6aaa3c8517e5a481bf277f2979825fb171e3b46ea2ab9804b2f0d7094343bcc5,2025,14,공법,선택형,,.hwp,ok,
question,150,591294,https://www.moj.go.kr/bbs/moj/150/591294/artclView.do,2025년도 제14회 변호사시험 기출문제입니다.,2025.01.18,https://www.moj.go.kr/bbs/moj/150/476680/download.do,,question_bbs150_art591294_file476680_@민사법(선택형)-최종본.hwp,/home/work/.projects/LLM-OS-Models/Terminal/HRM-Text/data/bar_exam/raw/downloads/question_bbs150_art591294_file476680_@민사법(선택형)-최종본.hwp,/home/work/.projects/LLM-OS-Models/Terminal/HRM-Text/data/bar_exam/text/3ff8950378d717af.txt,/home/work/.projects/LLM-OS-Models/Terminal/HRM-Text/data/bar_exam/text/3ff8950378d717af_html/index.xhtml,91d099ec76fddd8d37e9c73094736cc0a428a676941708013834d589c3517b05,2025,14,민사법,선택형,,.hwp,ok,
question,150,591294,https://www.moj.go.kr/bbs/moj/150/591294/artclView.do,2025년도 제14회 변호사시험 기출문제입니다.,2025.01.18,https://www.moj.go.kr/bbs/moj/150/476681/download.do,,question_bbs150_art591294_file476681_@형사법(선택형)-최종본.hwp,/home/work/.projects/LLM-OS-Models/Terminal/HRM-Text/data/bar_exam/raw/downloads/question_bbs150_art591294_file476681_@형사법(선택형)-최종본.hwp,/home/work/.projects/LLM-OS-Models/Terminal/HRM-Text/data/bar_exam/text/599a8ab14509e25a.txt,/home/work/.projects/LLM-OS-Models/Terminal/HRM-Text/data/bar_exam/text/599a8ab14509e25a_html/index.xhtml,83aa11c37ab58d32d729783804cf4a17a52a1d130e50125342665051f7953fc5,2025,14,형사법,선택형,,.hwp,ok,
question,150,602397,https://www.moj.go.kr/bbs/moj/150/602397/artclView.do,2026년도 제15회 변호사시험 기출문제입니다.,2026.01.10,https://www.moj.go.kr/bbs/moj/150/489453/download.do,,question_bbs150_art602397_file489453_제15회 변호사시험 공법 선택형.hwp,/home/work/.projects/LLM-OS-Models/Terminal/HRM-Text/data/bar_exam/raw/downloads/question_bbs150_art602397_file489453_제15회 변호사시험 공법 선택형.hwp,/home/work/.projects/LLM-OS-Models/Terminal/HRM-Text/data/bar_exam/text/9dbe5efb359b72d6.txt,/home/work/.projects/LLM-OS-Models/Terminal/HRM-Text/data/bar_exam/text/9dbe5efb359b72d6_html/index.xhtml,17c8ed9064c75e771646edd1ad35ebf915b3ea8a62251eadbf4ccfffacb71f4c,2026,15,공법,선택형,,.hwp,ok,
question,150,602397,https://www.moj.go.kr/bbs/moj/150/602397/artclView.do,2026년도 제15회 변호사시험 기출문제입니다.,2026.01.10,https://www.moj.go.kr/bbs/moj/150/489454/download.do,,question_bbs150_art602397_file489454_제15회 변호사시험 민사법 선택형.hwp,/home/work/.projects/LLM-OS-Models/Terminal/HRM-Text/data/bar_exam/raw/downloads/question_bbs150_art602397_file489454_제15회 변호사시험 민사법 선택형.hwp,/home/work/.projects/LLM-OS-Models/Terminal/HRM-Text/data/bar_exam/text/f2191933ea53629a.txt,/home/work/.projects/LLM-OS-Models/Terminal/HRM-Text/data/bar_exam/text/f2191933ea53629a_html/index.xhtml,97b78c3fbf130cd066e7adbac9783e48ffd75bcf8c9527ded93600ad01f12faf,2026,15,민사법,선택형,,.hwp,ok,
question,150,602397,https://www.moj.go.kr/bbs/moj/150/602397/artclView.do,2026년도 제15회 변호사시험 기출문제입니다.,2026.01.10,https://www.moj.go.kr/bbs/moj/150/489455/download.do,,question_bbs150_art602397_file489455_제15회 변호사시험 형사법 선택형.hwp,/home/work/.projects/LLM-OS-Models/Terminal/HRM-Text/data/bar_exam/raw/downloads/question_bbs150_art602397_file489455_제15회 변호사시험 형사법 선택형.hwp,/home/work/.projects/LLM-OS-Models/Terminal/HRM-Text/data/bar_exam/text/5c6d67f2e68594cc.txt,/home/work/.projects/LLM-OS-Models/Terminal/HRM-Text/data/bar_exam/text/5c6d67f2e68594cc_html/index.xhtml,dad5b6e8b3890cbbf952a8183146950c046d2b145e0a2b5e246326df9ed4a13b,2026,15,형사법,선택형,,.hwp,ok,
answer,151,579015,https://www.moj.go.kr/bbs/moj/151/579015/artclView.do,2024년도 제13회 변호사시험 정답가안입니다.,2024.01.13,https://www.moj.go.kr/bbs/moj/151/462916/download.do,,answer_bbs151_art579015_file462916_변호사시험 정답가안(공법 선택형).hwp,/home/work/.projects/LLM-OS-Models/Terminal/HRM-Text/data/bar_exam/raw/downloads/answer_bbs151_art579015_file462916_변호사시험 정답가안(공법 선택형).hwp,/home/work/.projects/LLM-OS-Models/Terminal/HRM-Text/data/bar_exam/text/15fcbc4d6936f311.txt,/home/work/.projects/LLM-OS-Models/Terminal/HRM-Text/data/bar_exam/text/15fcbc4d6936f311_html/index.xhtml,18df2ed8515ad707bf1f352c6df2e3615a289fe0496bcbc3d05c9e2ba06cfe57,2024,13,공법,선택형,,.hwp,ok,
answer,151,579015,https://www.moj.go.kr/bbs/moj/151/579015/artclView.do,2024년도 제13회 변호사시험 정답가안입니다.,2024.01.13,https://www.moj.go.kr/bbs/moj/151/462917/download.do,,answer_bbs151_art579015_file462917_변호사시험 정답가안(형사법 선택형).hwp,/home/work/.projects/LLM-OS-Models/Terminal/HRM-Text/data/bar_exam/raw/downloads/answer_bbs151_art579015_file462917_변호사시험 정답가안(형사법 선택형).hwp,/home/work/.projects/LLM-OS-Models/Terminal/HRM-Text/data/bar_exam/text/7cafa859afc63a70.txt,/home/work/.projects/LLM-OS-Models/Terminal/HRM-Text/data/bar_exam/text/7cafa859afc63a70_html/index.xhtml,6c96897317791fd6e90d96db7ad0ddd7b0aaef9a2e332f372025bf0449f00cce,2024,13,형사법,선택형,,.hwp,ok,
answer,151,579015,https://www.moj.go.kr/bbs/moj/151/579015/artclView.do,2024년도 제13회 변호사시험 정답가안입니다.,2024.01.13,https://www.moj.go.kr/bbs/moj/151/462918/download.do,,answer_bbs151_art579015_file462918_변호사시험 정답가안(민사법 선택형).hwp,/home/work/.projects/LLM-OS-Models/Terminal/HRM-Text/data/bar_exam/raw/downloads/answer_bbs151_art579015_file462918_변호사시험 정답가안(민사법 선택형).hwp,/home/work/.projects/LLM-OS-Models/Terminal/HRM-Text/data/bar_exam/text/2b83d4b5b5c29be3.txt,/home/work/.projects/LLM-OS-Models/Terminal/HRM-Text/data/bar_exam/text/2b83d4b5b5c29be3_html/index.xhtml,84e674f3cd57e5b50cebc2c0c212ca6e82f7cc4dabaa00ce104b9e6319169438,2024,13,민사법,선택형,,.hwp,ok,
answer,151,591292,https://www.moj.go.kr/bbs/moj/151/591292/artclView.do,2025년도 제14회 변호사시험 정답가안입니다.,2025.01.18,https://www.moj.go.kr/bbs/moj/151/476676/download.do,,answer_bbs151_art591292_file476676_변호사시험 정답가안(공법 선택형).hwp,/home/work/.projects/LLM-OS-Models/Terminal/HRM-Text/data/bar_exam/raw/downloads/answer_bbs151_art591292_file476676_변호사시험 정답가안(공법 선택형).hwp,/home/work/.projects/LLM-OS-Models/Terminal/HRM-Text/data/bar_exam/text/8fceaa2ac1d30d96.txt,/home/work/.projects/LLM-OS-Models/Terminal/HRM-Text/data/bar_exam/text/8fceaa2ac1d30d96_html/index.xhtml,237f26c08033073a6be21e35c7199b838e757de3e5b56f2faad955c2207439c7,2025,14,공법,선택형,,.hwp,ok,
answer,151,591292,https://www.moj.go.kr/bbs/moj/151/591292/artclView.do,2025년도 제14회 변호사시험 정답가안입니다.,2025.01.18,https://www.moj.go.kr/bbs/moj/151/476677/download.do,,answer_bbs151_art591292_file476677_변호사시험 정답가안(민사법 선택형).hwp,/home/work/.projects/LLM-OS-Models/Terminal/HRM-Text/data/bar_exam/raw/downloads/answer_bbs151_art591292_file476677_변호사시험 정답가안(민사법 선택형).hwp,/home/work/.projects/LLM-OS-Models/Terminal/HRM-Text/data/bar_exam/text/2074a6e0a4c7c6c6.txt,/home/work/.projects/LLM-OS-Models/Terminal/HRM-Text/data/bar_exam/text/2074a6e0a4c7c6c6_html/index.xhtml,413e9c94c8951533bf49205b1e8ff9a0dda78e2648dd64a5e59920cbedebd2c9,2025,14,민사법,선택형,,.hwp,ok,
answer,151,591292,https://www.moj.go.kr/bbs/moj/151/591292/artclView.do,2025년도 제14회 변호사시험 정답가안입니다.,2025.01.18,https://www.moj.go.kr/bbs/moj/151/476678/download.do,,answer_bbs151_art591292_file476678_변호사시험 정답가안(형사법 선택형).hwp,/home/work/.projects/LLM-OS-Models/Terminal/HRM-Text/data/bar_exam/raw/downloads/answer_bbs151_art591292_file476678_변호사시험 정답가안(형사법 선택형).hwp,/home/work/.projects/LLM-OS-Models/Terminal/HRM-Text/data/bar_exam/text/a8d934633ebd899f.txt,/home/work/.projects/LLM-OS-Models/Terminal/HRM-Text/data/bar_exam/text/a8d934633ebd899f_html/index.xhtml,67df514b32bd7dd73a1f6123b310dc337c83a22cc05bdfb6a64ae9ed447e0310,2025,14,형사법,선택형,,.hwp,ok,
answer,151,602396,https://www.moj.go.kr/bbs/moj/151/602396/artclView.do,2026년도 제15회 변호사시험 정답가안입니다.,2026.01.10,https://www.moj.go.kr/bbs/moj/151/489450/download.do,,answer_bbs151_art602396_file489450_변호사시험 정답가안(공법 선택형).hwp,/home/work/.projects/LLM-OS-Models/Terminal/HRM-Text/data/bar_exam/raw/downloads/answer_bbs151_art602396_file489450_변호사시험 정답가안(공법 선택형).hwp,/home/work/.projects/LLM-OS-Models/Terminal/HRM-Text/data/bar_exam/text/7f9eaefb3a7918ef.txt,/home/work/.projects/LLM-OS-Models/Terminal/HRM-Text/data/bar_exam/text/7f9eaefb3a7918ef_html/index.xhtml,85e0fa785b4fbb0b46d50063a3012f359fb85d3439023b52e51a624d33ca3217,2026,15,공법,선택형,,.hwp,ok,
answer,151,602396,https://www.moj.go.kr/bbs/moj/151/602396/artclView.do,2026년도 제15회 변호사시험 정답가안입니다.,2026.01.10,https://www.moj.go.kr/bbs/moj/151/489451/download.do,,answer_bbs151_art602396_file489451_변호사시험 정답가안(민사법 선택형).hwp,/home/work/.projects/LLM-OS-Models/Terminal/HRM-Text/data/bar_exam/raw/downloads/answer_bbs151_art602396_file489451_변호사시험 정답가안(민사법 선택형).hwp,/home/work/.projects/LLM-OS-Models/Terminal/HRM-Text/data/bar_exam/text/6c0a140194513727.txt,/home/work/.projects/LLM-OS-Models/Terminal/HRM-Text/data/bar_exam/text/6c0a140194513727_html/index.xhtml,853e0cb0ce0db6adf88ec081c983c153af12f133f6e000f4bc7c143146d1938a,2026,15,민사법,선택형,,.hwp,ok,
answer,151,602396,https://www.moj.go.kr/bbs/moj/151/602396/artclView.do,2026년도 제15회 변호사시험 정답가안입니다.,2026.01.10,https://www.moj.go.kr/bbs/moj/151/489452/download.do,,answer_bbs151_art602396_file489452_변호사시험 정답가안(형사법 선택형).hwp,/home/work/.projects/LLM-OS-Models/Terminal/HRM-Text/data/bar_exam/raw/downloads/answer_bbs151_art602396_file489452_변호사시험 정답가안(형사법 선택형).hwp,/home/work/.projects/LLM-OS-Models/Terminal/HRM-Text/data/bar_exam/text/5afa3b7732e4b031.txt,/home/work/.projects/LLM-OS-Models/Terminal/HRM-Text/data/bar_exam/text/5afa3b7732e4b031_html/index.xhtml,83ec2e7f876f626a028fba4b44c184b49a08a129271ba0ef439d3a679b9ed30b,2026,15,형사법,선택형,,.hwp,ok,
